[
    {
        "featureType": "all",
        "elementType": "all",
        "stylers": [
            {
                "visibility": "simplified"
            },
            {
                "saturation": "0"
            }
        ]
    },
    {
        "featureType": "administrative",
        "elementType": "all",
        "stylers": [
            {
                "visibility": "on"
            }
        ]
    },
    {
        "featureType": "administrative.country",
        "elementType": "all",
        "stylers": [
            {
                "visibility": "on"
            }
        ]
    },
    {
        "featureType": "administrative.province",
        "elementType": "all",
        "stylers": [
            {
                "visibility": "on"
            }
        ]
    },
    {
        "featureType": "administrative.locality",
        "elementType": "all",
        "stylers": [
            {
                "visibility": "on"
            }
        ]
    },
    {
        "featureType": "administrative.neighborhood",
        "elementType": "all",
        "stylers": [
            {
                "visibility": "on"
            }
        ]
    },
    {
        "featureType": "administrative.land_parcel",
        "elementType": "geometry",
        "stylers": [
            {
                "visibility": "on"
            }
        ]
    },
    {
        "featureType": "landscape",
        "elementType": "all",
        "stylers": [
            {
                "visibility": "on"
            },
            {
                "color": "#F6F6F4"
            }
        ]
    },
    {
        "featureType": "landscape.man_made",
        "elementType": "all",
        "stylers": [
            {
                "visibility": "off"
            }
        ]
    },
    {
        "featureType": "poi",
        "elementType": "all",
        "stylers": [
            {
                "visibility": "off"
            }
        ]
    },
    {
        "featureType": "poi",
        "elementType": "labels.text.stroke",
        "stylers": [
            {
                "visibility": "off"
            }
        ]
    },
    {
        "featureType": "poi.attraction",
        "elementType": "all",
        "stylers": [
            {
                "visibility": "off"
            }
        ]
    },
    {
        "featureType": "poi.business",
        "elementType": "all",
        "stylers": [
            {
                "visibility": "off"
            }
        ]
    },
    {
        "featureType": "road",
        "elementType": "all",
        "stylers": [
            {
                "visibility": "on"
            },
            {
                "saturation": "-100"
            }
        ]
    },
    {
        "featureType": "road.highway",
        "elementType": "geometry",
        "stylers": [
            {
                "color": "#ffffff"
            }
        ]
    },
    {
        "featureType": "road.highway",
        "elementType": "geometry.stroke",
        "stylers": [
            {
                "color": "#dfdfdf"
            }
        ]
    },
    {
        "featureType": "water",
        "elementType": "all",
        "stylers": [
            {
                "color": "#afdef9"
            }
        ]
    },
    {
        "featureType": "water",
        "elementType": "labels",
        "stylers": [
            {
                "visibility": "simplified"
            },
            {
                "color": "#ffffff"
            }
        ]
    }
]